{"api":{"$self":{"name":"v1:18637169","groupId":"8ccbc578-b790-45f9-9859-bca06c81adcd","assetId":"testingop","assetVersion":"1.0.0","productVersion":"v1","description":null,"tags":[],"order":1,"providerId":null,"deprecated":false,"endpointUri":null,"instanceLabel":null,"technology":"mule4"}},"endpoint":{"$self":{"type":"http","uri":"http://calculator.com/api/add","proxyUri":"http://0.0.0.0:8081/","isCloudHub":true,"deploymentType":"CH","policiesVersion":null,"proxyTemplate":null,"referencesUserDomain":false,"responseTimeout":null,"muleVersion4OrAbove":true}},"policyConfigurations":[{"$self":{"policyTemplateId":"348840","groupId":"68ef9520-24e9-4cf2-b2f5-620025690913","assetId":"rate-limiting","assetVersion":"1.3.7","configurationData":{"rateLimits":[{"maximumRequests":1000,"timePeriodInMilliseconds":60000}],"clusterizable":true,"exposeHeaders":false},"pointcutData":null,"disabled":false,"order":1}}]}